﻿<?xml version="1.0" encoding="utf-8"?>
<ProjectElements>
  <AcfElementGuid Guid="1e31c611-361a-4e21-82ed-c7c7147c356b" />
  <AcfElementGuid Guid="20c4befc-f4c0-48d4-bc1a-27d3260e92e0" />
  <AcfElementGuid Guid="21ce1162-25d4-4fa3-90f0-51a61e4a47f6" />
  <AcfElementGuid Guid="32019d10-4036-46f4-a64c-bbb18d5eee83" />
  <AcfElementGuid Guid="3bb91fb9-a7fb-4baa-9c8e-d05e91cc98de" />
  <AcfElementGuid Guid="3cf5c8ca-fc8e-47a5-aac1-aab42625840a" />
  <AcfElementGuid Guid="473caf0e-fc85-47c6-b1f8-0813b8dd2116" />
  <AcfElementGuid Guid="4e1724f3-61f2-4158-bbf1-3e584cabf820" />
  <AcfElementGuid Guid="65377ba1-5ce6-436d-949e-c57954202d60" />
  <AcfElementGuid Guid="706266bf-296b-40b3-bd3d-46e5f8e260d3" />
  <AcfElementGuid Guid="72f4ed27-51bb-4ed7-915b-5bb1be4f0af7" />
  <AcfElementGuid Guid="805f937e-e827-48ce-98a2-cd608451590d" />
  <AcfElementGuid Guid="9a7fa686-2483-4cfa-835d-e82565d4bfe3" />
  <AcfElementGuid Guid="cb9b255a-2a82-46ff-ae09-ea8d0ca7e74b" />
  <AcfElementGuid Guid="d2f084f1-43c9-4d2c-9efa-a600d9be2771" />
  <AcfElementGuid Guid="d382563e-434b-41cf-9f23-e94c6472bdc3" />
  <AcfElementGuid Guid="d3a27d69-9941-44c6-80ef-98eddd5fc95c" />
  <AcfElementGuid Guid="d67d3f98-afbf-493c-b712-c4f54ab2375c" />
  <AcfElementGuid Guid="ddd0545c-2a6a-4eef-b058-3c7ee243f251" />
  <AcfElementGuid Guid="fc574ada-9225-4834-829d-7ce7435db1cd" />
</ProjectElements>